{
    "Bottom 25%": {
        "precision": 0.6585365853658537,
        "recall": 0.8307692307692308,
        "f1-score": 0.7346938775510204,
        "support": 65.0
    },
    "Middle 50%": {
        "precision": 0.7747747747747747,
        "recall": 0.6564885496183206,
        "f1-score": 0.7107438016528925,
        "support": 131.0
    },
    "Top 25%": {
        "precision": 0.7049180327868853,
        "recall": 0.7413793103448276,
        "f1-score": 0.7226890756302521,
        "support": 58.0
    },
    "accuracy": 0.7204724409448819,
    "macro avg": {
        "precision": 0.7127431309758379,
        "recall": 0.7428790302441263,
        "f1-score": 0.722708918278055,
        "support": 254.0
    },
    "weighted avg": {
        "precision": 0.7290772419130523,
        "recall": 0.7204724409448819,
        "f1-score": 0.719600419070472,
        "support": 254.0
    }
}