{
    "Bottom 25%": {
        "precision": 0.6388888888888888,
        "recall": 0.6216216216216216,
        "f1-score": 0.6301369863013698,
        "support": 74.0
    },
    "Middle 50%": {
        "precision": 0.6635514018691588,
        "recall": 0.5966386554621849,
        "f1-score": 0.6283185840707964,
        "support": 119.0
    },
    "Top 25%": {
        "precision": 0.6578947368421053,
        "recall": 0.8064516129032258,
        "f1-score": 0.7246376811594203,
        "support": 62.0
    },
    "accuracy": 0.6549019607843137,
    "macro avg": {
        "precision": 0.653445009200051,
        "recall": 0.6749039633290108,
        "f1-score": 0.6610310838438621,
        "support": 255.0
    },
    "weighted avg": {
        "precision": 0.6550190913114439,
        "recall": 0.6549019607843137,
        "f1-score": 0.6522650381278832,
        "support": 255.0
    }
}