{
    "Bottom 25%": {
        "precision": 0.65625,
        "recall": 0.6461538461538462,
        "f1-score": 0.6511627906976745,
        "support": 65.0
    },
    "Middle 50%": {
        "precision": 0.6811594202898551,
        "recall": 0.7121212121212122,
        "f1-score": 0.6962962962962963,
        "support": 132.0
    },
    "Top 25%": {
        "precision": 0.6666666666666666,
        "recall": 0.6071428571428571,
        "f1-score": 0.6355140186915887,
        "support": 56.0
    },
    "accuracy": 0.6719367588932806,
    "macro avg": {
        "precision": 0.6680253623188405,
        "recall": 0.6551393051393052,
        "f1-score": 0.6609910352285199,
        "support": 253.0
    },
    "weighted avg": {
        "precision": 0.6715518846308071,
        "recall": 0.6719367588932806,
        "f1-score": 0.6712469468505491,
        "support": 253.0
    }
}