{
    "Bottom 25%": {
        "precision": 0.5625,
        "recall": 0.4153846153846154,
        "f1-score": 0.4778761061946903,
        "support": 65.0
    },
    "Middle 50%": {
        "precision": 0.6086956521739131,
        "recall": 0.7368421052631579,
        "f1-score": 0.6666666666666666,
        "support": 133.0
    },
    "Top 25%": {
        "precision": 0.5777777777777777,
        "recall": 0.4642857142857143,
        "f1-score": 0.5148514851485149,
        "support": 56.0
    },
    "accuracy": 0.594488188976378,
    "macro avg": {
        "precision": 0.5829911433172302,
        "recall": 0.5388374783111626,
        "f1-score": 0.5531314193366239,
        "support": 254.0
    },
    "weighted avg": {
        "precision": 0.5900573909239606,
        "recall": 0.594488188976378,
        "f1-score": 0.5848830580221983,
        "support": 254.0
    }
}