{
    "Bottom 25%": {
        "precision": 0.6986301369863014,
        "recall": 0.796875,
        "f1-score": 0.7445255474452555,
        "support": 64.0
    },
    "Middle 50%": {
        "precision": 0.746031746031746,
        "recall": 0.7175572519083969,
        "f1-score": 0.7315175097276264,
        "support": 131.0
    },
    "Top 25%": {
        "precision": 0.6851851851851852,
        "recall": 0.6379310344827587,
        "f1-score": 0.6607142857142857,
        "support": 58.0
    },
    "accuracy": 0.7193675889328063,
    "macro avg": {
        "precision": 0.7099490227344109,
        "recall": 0.7174544287970518,
        "f1-score": 0.7122524476290558,
        "support": 253.0
    },
    "weighted avg": {
        "precision": 0.7200918112174812,
        "recall": 0.7193675889328063,
        "f1-score": 0.7185765113922687,
        "support": 253.0
    }
}