{
    "Bottom 25%": {
        "precision": 0.676923076923077,
        "recall": 0.676923076923077,
        "f1-score": 0.676923076923077,
        "support": 65.0
    },
    "Middle 50%": {
        "precision": 0.6911764705882353,
        "recall": 0.7121212121212122,
        "f1-score": 0.7014925373134329,
        "support": 132.0
    },
    "Top 25%": {
        "precision": 0.6538461538461539,
        "recall": 0.6071428571428571,
        "f1-score": 0.6296296296296297,
        "support": 56.0
    },
    "accuracy": 0.6798418972332015,
    "macro avg": {
        "precision": 0.6739819004524886,
        "recall": 0.6653957153957154,
        "f1-score": 0.6693484146220464,
        "support": 253.0
    },
    "weighted avg": {
        "precision": 0.6792516945969632,
        "recall": 0.6798418972332015,
        "f1-score": 0.6792738110064522,
        "support": 253.0
    }
}