{
    "Bottom 25%": {
        "precision": 0.6666666666666666,
        "recall": 0.6461538461538462,
        "f1-score": 0.65625,
        "support": 65.0
    },
    "Middle 50%": {
        "precision": 0.7007299270072993,
        "recall": 0.7272727272727273,
        "f1-score": 0.7137546468401487,
        "support": 132.0
    },
    "Top 25%": {
        "precision": 0.660377358490566,
        "recall": 0.625,
        "f1-score": 0.6422018348623854,
        "support": 56.0
    },
    "accuracy": 0.6837944664031621,
    "macro avg": {
        "precision": 0.6759246507215106,
        "recall": 0.6661421911421912,
        "f1-score": 0.6707354939008447,
        "support": 253.0
    },
    "weighted avg": {
        "precision": 0.6830467026631167,
        "recall": 0.6837944664031621,
        "f1-score": 0.6831429491509612,
        "support": 253.0
    }
}