{
    "Bottom 25%": {
        "precision": 0.6666666666666666,
        "recall": 0.8307692307692308,
        "f1-score": 0.7397260273972602,
        "support": 65.0
    },
    "Middle 50%": {
        "precision": 0.7636363636363637,
        "recall": 0.6363636363636364,
        "f1-score": 0.6942148760330579,
        "support": 132.0
    },
    "Top 25%": {
        "precision": 0.6612903225806451,
        "recall": 0.7321428571428571,
        "f1-score": 0.6949152542372882,
        "support": 56.0
    },
    "accuracy": 0.7075098814229249,
    "macro avg": {
        "precision": 0.6971977842945584,
        "recall": 0.7330919080919082,
        "f1-score": 0.7096187192225355,
        "support": 253.0
    },
    "weighted avg": {
        "precision": 0.7160695312167963,
        "recall": 0.7075098814229249,
        "f1-score": 0.7060624887528604,
        "support": 253.0
    }
}