{
    "Bottom 25%": {
        "precision": 0.6716417910447762,
        "recall": 0.6081081081081081,
        "f1-score": 0.6382978723404256,
        "support": 74.0
    },
    "Middle 50%": {
        "precision": 0.6129032258064516,
        "recall": 0.6386554621848739,
        "f1-score": 0.6255144032921811,
        "support": 119.0
    },
    "Top 25%": {
        "precision": 0.609375,
        "recall": 0.6290322580645161,
        "f1-score": 0.6190476190476191,
        "support": 62.0
    },
    "accuracy": 0.6274509803921569,
    "macro avg": {
        "precision": 0.6313066722837426,
        "recall": 0.625265276119166,
        "f1-score": 0.6276199648934085,
        "support": 255.0
    },
    "weighted avg": {
        "precision": 0.6290910839540439,
        "recall": 0.6274509803921569,
        "f1-score": 0.6276517997094644,
        "support": 255.0
    }
}