{
    "Bottom 25%": {
        "precision": 0.7272727272727273,
        "recall": 0.7384615384615385,
        "f1-score": 0.732824427480916,
        "support": 65.0
    },
    "Middle 50%": {
        "precision": 0.6742424242424242,
        "recall": 0.6793893129770993,
        "f1-score": 0.6768060836501901,
        "support": 131.0
    },
    "Top 25%": {
        "precision": 0.4909090909090909,
        "recall": 0.47368421052631576,
        "f1-score": 0.48214285714285715,
        "support": 57.0
    },
    "accuracy": 0.6482213438735178,
    "macro avg": {
        "precision": 0.6308080808080808,
        "recall": 0.6305116873216512,
        "f1-score": 0.6305911227579878,
        "support": 253.0
    },
    "weighted avg": {
        "precision": 0.6465624625703676,
        "recall": 0.6482213438735178,
        "f1-score": 0.647341215816511,
        "support": 253.0
    }
}