{
    "Bottom 25%": {
        "precision": 0.7419354838709677,
        "recall": 0.7076923076923077,
        "f1-score": 0.7244094488188977,
        "support": 65.0
    },
    "Middle 50%": {
        "precision": 0.6688741721854304,
        "recall": 0.7709923664122137,
        "f1-score": 0.7163120567375887,
        "support": 131.0
    },
    "Top 25%": {
        "precision": 0.575,
        "recall": 0.40350877192982454,
        "f1-score": 0.4742268041237113,
        "support": 57.0
    },
    "accuracy": 0.6719367588932806,
    "macro avg": {
        "precision": 0.6619365520187993,
        "recall": 0.627397815344782,
        "f1-score": 0.6383161032267326,
        "support": 253.0
    },
    "weighted avg": {
        "precision": 0.6664953478573292,
        "recall": 0.6719367588932806,
        "f1-score": 0.6638514681458657,
        "support": 253.0
    }
}