{
    "Bottom 25%": {
        "precision": 0.6507936507936508,
        "recall": 0.6307692307692307,
        "f1-score": 0.640625,
        "support": 65.0
    },
    "Middle 50%": {
        "precision": 0.6962962962962963,
        "recall": 0.7121212121212122,
        "f1-score": 0.704119850187266,
        "support": 132.0
    },
    "Top 25%": {
        "precision": 0.6727272727272727,
        "recall": 0.6607142857142857,
        "f1-score": 0.6666666666666666,
        "support": 56.0
    },
    "accuracy": 0.6798418972332015,
    "macro avg": {
        "precision": 0.67327240660574,
        "recall": 0.6678682428682429,
        "f1-score": 0.6704705056179775,
        "support": 253.0
    },
    "weighted avg": {
        "precision": 0.6793890343297457,
        "recall": 0.6798418972332015,
        "f1-score": 0.6795169112966499,
        "support": 253.0
    }
}