{
    "Bottom 25%": {
        "precision": 0.5490196078431373,
        "recall": 0.4307692307692308,
        "f1-score": 0.4827586206896552,
        "support": 65.0
    },
    "Middle 50%": {
        "precision": 0.6064516129032258,
        "recall": 0.706766917293233,
        "f1-score": 0.6527777777777778,
        "support": 133.0
    },
    "Top 25%": {
        "precision": 0.5416666666666666,
        "recall": 0.4642857142857143,
        "f1-score": 0.5,
        "support": 56.0
    },
    "accuracy": 0.5826771653543307,
    "macro avg": {
        "precision": 0.5657126291376766,
        "recall": 0.5339406207827261,
        "f1-score": 0.5451787994891443,
        "support": 254.0
    },
    "weighted avg": {
        "precision": 0.5774711510207334,
        "recall": 0.5826771653543307,
        "f1-score": 0.5755856487766615,
        "support": 254.0
    }
}