{
    "Bottom 25%": {
        "precision": 0.49019607843137253,
        "recall": 0.390625,
        "f1-score": 0.43478260869565216,
        "support": 64.0
    },
    "Middle 50%": {
        "precision": 0.5785714285714286,
        "recall": 0.6090225563909775,
        "f1-score": 0.5934065934065934,
        "support": 133.0
    },
    "Top 25%": {
        "precision": 0.43548387096774194,
        "recall": 0.48214285714285715,
        "f1-score": 0.4576271186440678,
        "support": 56.0
    },
    "accuracy": 0.525691699604743,
    "macro avg": {
        "precision": 0.5014171259901811,
        "recall": 0.49393013784461154,
        "f1-score": 0.49527210691543777,
        "support": 253.0
    },
    "weighted avg": {
        "precision": 0.5245440545209541,
        "recall": 0.525691699604743,
        "f1-score": 0.5232264131370216,
        "support": 253.0
    }
}