{
    "Bottom 25%": {
        "precision": 0.7230769230769231,
        "recall": 0.7230769230769231,
        "f1-score": 0.7230769230769231,
        "support": 65.0
    },
    "Middle 50%": {
        "precision": 0.6834532374100719,
        "recall": 0.7251908396946565,
        "f1-score": 0.7037037037037037,
        "support": 131.0
    },
    "Top 25%": {
        "precision": 0.5510204081632653,
        "recall": 0.47368421052631576,
        "f1-score": 0.5094339622641509,
        "support": 57.0
    },
    "accuracy": 0.6679841897233202,
    "macro avg": {
        "precision": 0.6525168562167534,
        "recall": 0.6406506577659651,
        "f1-score": 0.645404863014926,
        "support": 253.0
    },
    "weighted avg": {
        "precision": 0.6637965903795476,
        "recall": 0.6679841897233202,
        "f1-score": 0.6649127313606394,
        "support": 253.0
    }
}