{
    "Bottom 25%": {
        "precision": 0.6041666666666666,
        "recall": 0.4461538461538462,
        "f1-score": 0.5132743362831859,
        "support": 65.0
    },
    "Middle 50%": {
        "precision": 0.6118421052631579,
        "recall": 0.6992481203007519,
        "f1-score": 0.6526315789473685,
        "support": 133.0
    },
    "Top 25%": {
        "precision": 0.5,
        "recall": 0.48214285714285715,
        "f1-score": 0.4909090909090909,
        "support": 56.0
    },
    "accuracy": 0.5866141732283464,
    "macro avg": {
        "precision": 0.5720029239766081,
        "recall": 0.5425149411991518,
        "f1-score": 0.5522716687132151,
        "support": 254.0
    },
    "weighted avg": {
        "precision": 0.5852198162729658,
        "recall": 0.5866141732283464,
        "f1-score": 0.5813139407453394,
        "support": 254.0
    }
}