{
    "Bottom 25%": {
        "precision": 0.6578947368421053,
        "recall": 0.78125,
        "f1-score": 0.7142857142857143,
        "support": 64.0
    },
    "Middle 50%": {
        "precision": 0.7333333333333333,
        "recall": 0.6717557251908397,
        "f1-score": 0.701195219123506,
        "support": 131.0
    },
    "Top 25%": {
        "precision": 0.6491228070175439,
        "recall": 0.6379310344827587,
        "f1-score": 0.6434782608695652,
        "support": 58.0
    },
    "accuracy": 0.691699604743083,
    "macro avg": {
        "precision": 0.6801169590643275,
        "recall": 0.6969789198911994,
        "f1-score": 0.6863197314262618,
        "support": 253.0
    },
    "weighted avg": {
        "precision": 0.6949448720615768,
        "recall": 0.691699604743083,
        "f1-score": 0.6912750930826078,
        "support": 253.0
    }
}