{
    "Bottom 25%": {
        "precision": 0.6493506493506493,
        "recall": 0.6756756756756757,
        "f1-score": 0.6622516556291391,
        "support": 74.0
    },
    "Middle 50%": {
        "precision": 0.6147540983606558,
        "recall": 0.6302521008403361,
        "f1-score": 0.6224066390041494,
        "support": 119.0
    },
    "Top 25%": {
        "precision": 0.6607142857142857,
        "recall": 0.5967741935483871,
        "f1-score": 0.6271186440677966,
        "support": 62.0
    },
    "accuracy": 0.6352941176470588,
    "macro avg": {
        "precision": 0.6416063444751968,
        "recall": 0.6342339900214663,
        "f1-score": 0.6372589795670284,
        "support": 255.0
    },
    "weighted avg": {
        "precision": 0.6359685155731444,
        "recall": 0.6352941176470588,
        "f1-score": 0.6351151705500135,
        "support": 255.0
    }
}