{
    "Bottom 25%": {
        "precision": 0.6617647058823529,
        "recall": 0.703125,
        "f1-score": 0.6818181818181818,
        "support": 64.0
    },
    "Middle 50%": {
        "precision": 0.7380952380952381,
        "recall": 0.7099236641221374,
        "f1-score": 0.7237354085603113,
        "support": 131.0
    },
    "Top 25%": {
        "precision": 0.7288135593220338,
        "recall": 0.7413793103448276,
        "f1-score": 0.7350427350427351,
        "support": 58.0
    },
    "accuracy": 0.7154150197628458,
    "macro avg": {
        "precision": 0.7095578344332082,
        "recall": 0.718142658155655,
        "f1-score": 0.7135321084737427,
        "support": 253.0
    },
    "weighted avg": {
        "precision": 0.7166585130736155,
        "recall": 0.7154150197628458,
        "f1-score": 0.7157240347440437,
        "support": 253.0
    }
}