{
    "Bottom 25%": {
        "precision": 0.7377049180327869,
        "recall": 0.6818181818181818,
        "f1-score": 0.7086614173228346,
        "support": 66.0
    },
    "Middle 50%": {
        "precision": 0.6827586206896552,
        "recall": 0.7557251908396947,
        "f1-score": 0.717391304347826,
        "support": 131.0
    },
    "Top 25%": {
        "precision": 0.625,
        "recall": 0.5263157894736842,
        "f1-score": 0.5714285714285714,
        "support": 57.0
    },
    "accuracy": 0.6850393700787402,
    "macro avg": {
        "precision": 0.6818211795741473,
        "recall": 0.6546197207105201,
        "f1-score": 0.665827097699744,
        "support": 254.0
    },
    "weighted avg": {
        "precision": 0.6840744248051526,
        "recall": 0.6850393700787402,
        "f1-score": 0.6823674920641767,
        "support": 254.0
    }
}