{
    "Bottom 25%": {
        "precision": 0.46808510638297873,
        "recall": 0.34375,
        "f1-score": 0.3963963963963964,
        "support": 64.0
    },
    "Middle 50%": {
        "precision": 0.5771812080536913,
        "recall": 0.6466165413533834,
        "f1-score": 0.6099290780141844,
        "support": 133.0
    },
    "Top 25%": {
        "precision": 0.45614035087719296,
        "recall": 0.4642857142857143,
        "f1-score": 0.46017699115044247,
        "support": 56.0
    },
    "accuracy": 0.5296442687747036,
    "macro avg": {
        "precision": 0.5004688884379543,
        "recall": 0.48488408521303256,
        "f1-score": 0.48883415518700774,
        "support": 253.0
    },
    "weighted avg": {
        "precision": 0.5227921230386339,
        "recall": 0.5296442687747036,
        "f1-score": 0.5227661986153386,
        "support": 253.0
    }
}