{
    "Bottom 25%": {
        "precision": 0.6933333333333334,
        "recall": 0.8125,
        "f1-score": 0.7482014388489209,
        "support": 64.0
    },
    "Middle 50%": {
        "precision": 0.7563025210084033,
        "recall": 0.6870229007633588,
        "f1-score": 0.72,
        "support": 131.0
    },
    "Top 25%": {
        "precision": 0.6610169491525424,
        "recall": 0.6724137931034483,
        "f1-score": 0.6666666666666666,
        "support": 58.0
    },
    "accuracy": 0.7154150197628458,
    "macro avg": {
        "precision": 0.703550934498093,
        "recall": 0.7239788979556024,
        "f1-score": 0.7116227018385292,
        "support": 253.0
    },
    "weighted avg": {
        "precision": 0.7185294333449866,
        "recall": 0.7154150197628458,
        "f1-score": 0.7149073468497927,
        "support": 253.0
    }
}