{
    "Bottom 25%": {
        "precision": 0.7123287671232876,
        "recall": 0.8,
        "f1-score": 0.7536231884057971,
        "support": 65.0
    },
    "Middle 50%": {
        "precision": 0.7241379310344828,
        "recall": 0.48091603053435117,
        "f1-score": 0.5779816513761468,
        "support": 131.0
    },
    "Top 25%": {
        "precision": 0.44086021505376344,
        "recall": 0.7192982456140351,
        "f1-score": 0.5466666666666666,
        "support": 57.0
    },
    "accuracy": 0.616600790513834,
    "macro avg": {
        "precision": 0.625775637737178,
        "recall": 0.6667380920494622,
        "f1-score": 0.6260905021495369,
        "support": 253.0
    },
    "weighted avg": {
        "precision": 0.6572824944134207,
        "recall": 0.616600790513834,
        "f1-score": 0.6160517927930911,
        "support": 253.0
    }
}