{
    "Bottom 25%": {
        "precision": 0.4067796610169492,
        "recall": 0.375,
        "f1-score": 0.3902439024390244,
        "support": 64.0
    },
    "Middle 50%": {
        "precision": 0.5777777777777777,
        "recall": 0.5864661654135338,
        "f1-score": 0.582089552238806,
        "support": 133.0
    },
    "Top 25%": {
        "precision": 0.4745762711864407,
        "recall": 0.5,
        "f1-score": 0.48695652173913045,
        "support": 56.0
    },
    "accuracy": 0.5138339920948617,
    "macro avg": {
        "precision": 0.4863779033270559,
        "recall": 0.4871553884711779,
        "f1-score": 0.48642999213898697,
        "support": 253.0
    },
    "weighted avg": {
        "precision": 0.5116783159524501,
        "recall": 0.5138339920948617,
        "f1-score": 0.5125023139179845,
        "support": 253.0
    }
}