{
    "Bottom 25%": {
        "precision": 0.6805555555555556,
        "recall": 0.7538461538461538,
        "f1-score": 0.7153284671532847,
        "support": 65.0
    },
    "Middle 50%": {
        "precision": 0.7164179104477612,
        "recall": 0.732824427480916,
        "f1-score": 0.7245283018867924,
        "support": 131.0
    },
    "Top 25%": {
        "precision": 0.7083333333333334,
        "recall": 0.5862068965517241,
        "f1-score": 0.6415094339622641,
        "support": 58.0
    },
    "accuracy": 0.7047244094488189,
    "macro avg": {
        "precision": 0.7017689331122168,
        "recall": 0.6909591592929313,
        "f1-score": 0.6937887343341137,
        "support": 254.0
    },
    "weighted avg": {
        "precision": 0.7053944516263825,
        "recall": 0.7047244094488189,
        "f1-score": 0.7032169491415144,
        "support": 254.0
    }
}