{
    "Bottom 25%": {
        "precision": 0.7301587301587301,
        "recall": 0.696969696969697,
        "f1-score": 0.7131782945736435,
        "support": 66.0
    },
    "Middle 50%": {
        "precision": 0.6783216783216783,
        "recall": 0.7404580152671756,
        "f1-score": 0.708029197080292,
        "support": 131.0
    },
    "Top 25%": {
        "precision": 0.5833333333333334,
        "recall": 0.49122807017543857,
        "f1-score": 0.5333333333333333,
        "support": 57.0
    },
    "accuracy": 0.6732283464566929,
    "macro avg": {
        "precision": 0.663937913937914,
        "recall": 0.6428852608041037,
        "f1-score": 0.6515136083290897,
        "support": 254.0
    },
    "weighted avg": {
        "precision": 0.6704748663410081,
        "recall": 0.6732283464566929,
        "f1-score": 0.6701637490526722,
        "support": 254.0
    }
}