{
    "Bottom 25%": {
        "precision": 0.6885245901639344,
        "recall": 0.5675675675675675,
        "f1-score": 0.6222222222222222,
        "support": 74.0
    },
    "Middle 50%": {
        "precision": 0.6071428571428571,
        "recall": 0.7142857142857143,
        "f1-score": 0.6563706563706564,
        "support": 119.0
    },
    "Top 25%": {
        "precision": 0.6666666666666666,
        "recall": 0.5806451612903226,
        "f1-score": 0.6206896551724138,
        "support": 62.0
    },
    "accuracy": 0.6392156862745098,
    "macro avg": {
        "precision": 0.654111371324486,
        "recall": 0.6208328143812015,
        "f1-score": 0.6330941779217641,
        "support": 255.0
    },
    "weighted avg": {
        "precision": 0.645231972570449,
        "recall": 0.6392156862745098,
        "f1-score": 0.6377855340127145,
        "support": 255.0
    }
}