{
    "Bottom 25%": {
        "precision": 0.5256410256410257,
        "recall": 0.640625,
        "f1-score": 0.5774647887323944,
        "support": 64.0
    },
    "Middle 50%": {
        "precision": 0.6285714285714286,
        "recall": 0.3308270676691729,
        "f1-score": 0.43349753694581283,
        "support": 133.0
    },
    "Top 25%": {
        "precision": 0.37142857142857144,
        "recall": 0.6964285714285714,
        "f1-score": 0.484472049689441,
        "support": 56.0
    },
    "accuracy": 0.4901185770750988,
    "macro avg": {
        "precision": 0.5085470085470085,
        "recall": 0.5559602130325815,
        "f1-score": 0.4984781251225494,
        "support": 253.0
    },
    "weighted avg": {
        "precision": 0.5456167021384413,
        "recall": 0.4901185770750988,
        "f1-score": 0.48119902638448636,
        "support": 253.0
    }
}